id,name,email,created_at,updated_at
2331,Santiago Richardson,santiagorichardson@email.com,2026-02-26 17:38:20.052142 +0000 UTC,2026-02-26 17:38:20.052142 +0000 UTC
2332,Axel Cox,axelcox@email.com,2026-02-26 17:38:20.052142 +0000 UTC,2026-02-26 17:38:20.052142 +0000 UTC
2333,Easton Howard,eastonhoward@email.com,2026-02-26 17:38:20.052142 +0000 UTC,2026-02-26 17:38:20.052142 +0000 UTC
2334,Kai Ward,kaiward@email.com,2026-02-26 17:38:20.052142 +0000 UTC,2026-02-26 17:38:20.052142 +0000 UTC
2335,Ian Torres,iantorres@email.com,2026-02-26 17:38:20.052142 +0000 UTC,2026-02-26 17:38:20.052142 +0000 UTC
2336,Adam Peterson,adampeterson@email.com,2026-02-26 17:38:20.052142 +0000 UTC,2026-02-26 17:38:20.052142 +0000 UTC
2337,Silas Gray,silasgray@email.com,2026-02-26 17:38:20.052142 +0000 UTC,2026-02-26 17:38:20.052142 +0000 UTC
2338,Roman Ramirez,romanramirez@email.com,2026-02-26 17:38:20.052142 +0000 UTC,2026-02-26 17:38:20.052142 +0000 UTC
2339,Jordan James,jordanjames@email.com,2026-02-26 17:38:20.052142 +0000 UTC,2026-02-26 17:38:20.052142 +0000 UTC
2340,Leon Watson,leonwatson@email.com,2026-02-26 17:38:20.052142 +0000 UTC,2026-02-26 17:38:20.052142 +0000 UTC
2341,Liam Johnson,liamjohnson@email.com,2026-02-26 17:38:20.073455 +0000 UTC,2026-02-26 17:38:20.073455 +0000 UTC
2342,Noah Smith,noahsmith@email.com,2026-02-26 17:38:20.073455 +0000 UTC,2026-02-26 17:38:20.073455 +0000 UTC
2343,Oliver Williams,oliverwilliams@email.com,2026-02-26 17:38:20.073455 +0000 UTC,2026-02-26 17:38:20.073455 +0000 UTC
2344,Elijah Brown,elijahbrown@email.com,2026-02-26 17:38:20.073455 +0000 UTC,2026-02-26 17:38:20.073455 +0000 UTC
2345,James Jones,jamesjones@email.com,2026-02-26 17:38:20.073455 +0000 UTC,2026-02-26 17:38:20.073455 +0000 UTC
2346,William Garcia,williamgarcia@email.com,2026-02-26 17:38:20.073455 +0000 UTC,2026-02-26 17:38:20.073455 +0000 UTC
2347,Benjamin Miller,benjaminmiller@email.com,2026-02-26 17:38:20.073455 +0000 UTC,2026-02-26 17:38:20.073455 +0000 UTC
2348,Lucas Davis,lucasdavis@email.com,2026-02-26 17:38:20.073455 +0000 UTC,2026-02-26 17:38:20.073455 +0000 UTC
2349,Henry Rodriguez,henryrodriguez@email.com,2026-02-26 17:38:20.073455 +0000 UTC,2026-02-26 17:38:20.073455 +0000 UTC
2350,Alexander Martinez,alexandermartinez@email.com,2026-02-26 17:38:20.073455 +0000 UTC,2026-02-26 17:38:20.073455 +0000 UTC
2351,Luke Walker,lukewalker@email.com,2026-02-26 17:38:20.074997 +0000 UTC,2026-02-26 17:38:20.074997 +0000 UTC
2352,Asher Young,asheryoung@email.com,2026-02-26 17:38:20.074997 +0000 UTC,2026-02-26 17:38:20.074997 +0000 UTC
2353,Carter Allen,carterallen@email.com,2026-02-26 17:38:20.074997 +0000 UTC,2026-02-26 17:38:20.074997 +0000 UTC
2354,Julian King,julianking@email.com,2026-02-26 17:38:20.074997 +0000 UTC,2026-02-26 17:38:20.074997 +0000 UTC
2355,Grayson Wright,graysonwright@email.com,2026-02-26 17:38:20.074997 +0000 UTC,2026-02-26 17:38:20.074997 +0000 UTC
2356,Leo Scott,leoscott@email.com,2026-02-26 17:38:20.074997 +0000 UTC,2026-02-26 17:38:20.074997 +0000 UTC
2357,Jayden Torres,jaydentorres@email.com,2026-02-26 17:38:20.074997 +0000 UTC,2026-02-26 17:38:20.074997 +0000 UTC
2358,Gabriel Nguyen,gabrielnguyen@email.com,2026-02-26 17:38:20.074997 +0000 UTC,2026-02-26 17:38:20.074997 +0000 UTC
2359,Isaac Hill,isaachill@email.com,2026-02-26 17:38:20.074997 +0000 UTC,2026-02-26 17:38:20.074997 +0000 UTC
2360,Lincoln Flores,lincolnflores@email.com,2026-02-26 17:38:20.074997 +0000 UTC,2026-02-26 17:38:20.074997 +0000 UTC
2361,Jack Lee,jacklee@email.com,2026-02-26 17:38:20.084937 +0000 UTC,2026-02-26 17:38:20.084937 +0000 UTC
2362,Owen Perez,owenperez@email.com,2026-02-26 17:38:20.084937 +0000 UTC,2026-02-26 17:38:20.084937 +0000 UTC
2363,Theodore Thompson,theodorethompson@email.com,2026-02-26 17:38:20.084937 +0000 UTC,2026-02-26 17:38:20.084937 +0000 UTC
2364,Aiden White,aidenwhite@email.com,2026-02-26 17:38:20.084937 +0000 UTC,2026-02-26 17:38:20.084937 +0000 UTC
2365,Samuel Harris,samuelharris@email.com,2026-02-26 17:38:20.084937 +0000 UTC,2026-02-26 17:38:20.084937 +0000 UTC
2366,Joseph Sanchez,josephsanchez@email.com,2026-02-26 17:38:20.084937 +0000 UTC,2026-02-26 17:38:20.084937 +0000 UTC
2367,John Clark,johnclark@email.com,2026-02-26 17:38:20.084937 +0000 UTC,2026-02-26 17:38:20.084937 +0000 UTC
2368,David Ramirez,davidramirez@email.com,2026-02-26 17:38:20.084937 +0000 UTC,2026-02-26 17:38:20.084937 +0000 UTC
2369,Wyatt Lewis,wyattlewis@email.com,2026-02-26 17:38:20.084937 +0000 UTC,2026-02-26 17:38:20.084937 +0000 UTC
2370,Matthew Robinson,matthewrobinson@email.com,2026-02-26 17:38:20.084937 +0000 UTC,2026-02-26 17:38:20.084937 +0000 UTC
2371,Nolan Morris,nolanmorris@email.com,2026-02-26 17:38:20.085661 +0000 UTC,2026-02-26 17:38:20.085661 +0000 UTC
2372,Christian Rogers,christianrogers@email.com,2026-02-26 17:38:20.085661 +0000 UTC,2026-02-26 17:38:20.085661 +0000 UTC
2373,Aaron Reed,aaronreed@email.com,2026-02-26 17:38:20.085661 +0000 UTC,2026-02-26 17:38:20.085661 +0000 UTC
2374,Cameron Cook,cameroncook@email.com,2026-02-26 17:38:20.085661 +0000 UTC,2026-02-26 17:38:20.085661 +0000 UTC
2375,Ezekiel Morgan,ezekielmorgan@email.com,2026-02-26 17:38:20.085661 +0000 UTC,2026-02-26 17:38:20.085661 +0000 UTC
2376,Colton Bell,coltonbell@email.com,2026-02-26 17:38:20.085661 +0000 UTC,2026-02-26 17:38:20.085661 +0000 UTC
2377,Luca Murphy,lucamurphy@email.com,2026-02-26 17:38:20.085661 +0000 UTC,2026-02-26 17:38:20.085661 +0000 UTC
2378,Landon Bailey,landonbailey@email.com,2026-02-26 17:38:20.085661 +0000 UTC,2026-02-26 17:38:20.085661 +0000 UTC
2379,Hunter Rivera,hunterrivera@email.com,2026-02-26 17:38:20.085661 +0000 UTC,2026-02-26 17:38:20.085661 +0000 UTC
2380,Jonathan Cooper,jonathancooper@email.com,2026-02-26 17:38:20.085661 +0000 UTC,2026-02-26 17:38:20.085661 +0000 UTC
2381,Connor Brooks,connorbrooks@email.com,2026-02-26 17:38:20.086896 +0000 UTC,2026-02-26 17:38:20.086896 +0000 UTC
2382,Jace Kelly,jacekelly@email.com,2026-02-26 17:38:20.086896 +0000 UTC,2026-02-26 17:38:20.086896 +0000 UTC
2383,Angel Sanders,angelsanders@email.com,2026-02-26 17:38:20.086896 +0000 UTC,2026-02-26 17:38:20.086896 +0000 UTC
2384,Robert Price,robertprice@email.com,2026-02-26 17:38:20.086896 +0000 UTC,2026-02-26 17:38:20.086896 +0000 UTC
2385,Dominic Bennett,dominicbennett@email.com,2026-02-26 17:38:20.086896 +0000 UTC,2026-02-26 17:38:20.086896 +0000 UTC
2386,Austin Wood,austinwood@email.com,2026-02-26 17:38:20.086896 +0000 UTC,2026-02-26 17:38:20.086896 +0000 UTC
2387,Everett Barnes,everettbarnes@email.com,2026-02-26 17:38:20.086896 +0000 UTC,2026-02-26 17:38:20.086896 +0000 UTC
2388,Brooks Ross,brooksross@email.com,2026-02-26 17:38:20.086896 +0000 UTC,2026-02-26 17:38:20.086896 +0000 UTC
2389,Xavier Henderson,xavierhenderson@email.com,2026-02-26 17:38:20.086896 +0000 UTC,2026-02-26 17:38:20.086896 +0000 UTC
2390,Kai Coleman,kaicoleman@email.com,2026-02-26 17:38:20.086896 +0000 UTC,2026-02-26 17:38:20.086896 +0000 UTC
2391,Anthony Green,anthonygreen@email.com,2026-02-26 17:38:20.087786 +0000 UTC,2026-02-26 17:38:20.087786 +0000 UTC
2392,Hudson Adams,hudsonadams@email.com,2026-02-26 17:38:20.087786 +0000 UTC,2026-02-26 17:38:20.087786 +0000 UTC
2393,Dylan Nelson,dylannelson@email.com,2026-02-26 17:38:20.087786 +0000 UTC,2026-02-26 17:38:20.087786 +0000 UTC
2394,Ezra Baker,ezrabaker@email.com,2026-02-26 17:38:20.087786 +0000 UTC,2026-02-26 17:38:20.087786 +0000 UTC
2395,Thomas Hall,thomashall@email.com,2026-02-26 17:38:20.087786 +0000 UTC,2026-02-26 17:38:20.087786 +0000 UTC
2396,Charles Rivera,charlesrivera@email.com,2026-02-26 17:38:20.087786 +0000 UTC,2026-02-26 17:38:20.087786 +0000 UTC
2397,Christopher Campbell,christophercampbell@email.com,2026-02-26 17:38:20.087786 +0000 UTC,2026-02-26 17:38:20.087786 +0000 UTC
2398,Jaxon Mitchell,jaxonmitchell@email.com,2026-02-26 17:38:20.087786 +0000 UTC,2026-02-26 17:38:20.087786 +0000 UTC
2399,Maverick Carter,maverickcarter@email.com,2026-02-26 17:38:20.087786 +0000 UTC,2026-02-26 17:38:20.087786 +0000 UTC
2400,Josiah Roberts,josiahroberts@email.com,2026-02-26 17:38:20.087786 +0000 UTC,2026-02-26 17:38:20.087786 +0000 UTC
2401,Mason Hernandez,masonhernandez@email.com,2026-02-26 17:38:20.090247 +0000 UTC,2026-02-26 17:38:20.090247 +0000 UTC
2402,Michael Lopez,michaellopez@email.com,2026-02-26 17:38:20.090247 +0000 UTC,2026-02-26 17:38:20.090247 +0000 UTC
2403,Ethan Gonzalez,ethangonzalez@email.com,2026-02-26 17:38:20.090247 +0000 UTC,2026-02-26 17:38:20.090247 +0000 UTC
2404,Daniel Wilson,danielwilson@email.com,2026-02-26 17:38:20.090247 +0000 UTC,2026-02-26 17:38:20.090247 +0000 UTC
2405,Jacob Anderson,jacobanderson@email.com,2026-02-26 17:38:20.090247 +0000 UTC,2026-02-26 17:38:20.090247 +0000 UTC
2406,Logan Thomas,loganthomas@email.com,2026-02-26 17:38:20.090247 +0000 UTC,2026-02-26 17:38:20.090247 +0000 UTC
2407,Jackson Taylor,jacksontaylor@email.com,2026-02-26 17:38:20.090247 +0000 UTC,2026-02-26 17:38:20.090247 +0000 UTC
2408,Levi Moore,levimoore@email.com,2026-02-26 17:38:20.090247 +0000 UTC,2026-02-26 17:38:20.090247 +0000 UTC
2409,Sebastian Jackson,sebastianjackson@email.com,2026-02-26 17:38:20.090247 +0000 UTC,2026-02-26 17:38:20.090247 +0000 UTC
2410,Mateo Martin,mateomartin@email.com,2026-02-26 17:38:20.090247 +0000 UTC,2026-02-26 17:38:20.090247 +0000 UTC
2411,Isaiah Gomez,isaiahgomez@email.com,2026-02-26 17:38:20.098824 +0000 UTC,2026-02-26 17:38:20.098824 +0000 UTC
2412,Andrew Phillips,andrewphillips@email.com,2026-02-26 17:38:20.098824 +0000 UTC,2026-02-26 17:38:20.098824 +0000 UTC
2413,Elias Evans,eliasevans@email.com,2026-02-26 17:38:20.098824 +0000 UTC,2026-02-26 17:38:20.098824 +0000 UTC
2414,Joshua Turner,joshuaturner@email.com,2026-02-26 17:38:20.098824 +0000 UTC,2026-02-26 17:38:20.098824 +0000 UTC
2415,Nathan Diaz,nathandiaz@email.com,2026-02-26 17:38:20.098824 +0000 UTC,2026-02-26 17:38:20.098824 +0000 UTC
2416,Caleb Parker,calebparker@email.com,2026-02-26 17:38:20.098824 +0000 UTC,2026-02-26 17:38:20.098824 +0000 UTC
2417,Ryan Cruz,ryancruz@email.com,2026-02-26 17:38:20.098824 +0000 UTC,2026-02-26 17:38:20.098824 +0000 UTC
2418,Adrian Edwards,adrianedwards@email.com,2026-02-26 17:38:20.098824 +0000 UTC,2026-02-26 17:38:20.098824 +0000 UTC
2419,Miles Collins,milescollins@email.com,2026-02-26 17:38:20.098824 +0000 UTC,2026-02-26 17:38:20.098824 +0000 UTC
2420,Eli Stewart,elistewart@email.com,2026-02-26 17:38:20.098824 +0000 UTC,2026-02-26 17:38:20.098824 +0000 UTC
2421,Jose Jenkins,josejenkins@email.com,2026-02-26 17:38:20.104559 +0000 UTC,2026-02-26 17:38:20.104559 +0000 UTC
2422,Parker Perry,parkerperry@email.com,2026-02-26 17:38:20.104559 +0000 UTC,2026-02-26 17:38:20.104559 +0000 UTC
2423,Adam Powell,adampowell@email.com,2026-02-26 17:38:20.104559 +0000 UTC,2026-02-26 17:38:20.104559 +0000 UTC
2424,Jace Long,jacelong@email.com,2026-02-26 17:38:20.104559 +0000 UTC,2026-02-26 17:38:20.104559 +0000 UTC
2425,Justin Patterson,justinpatterson@email.com,2026-02-26 17:38:20.104559 +0000 UTC,2026-02-26 17:38:20.104559 +0000 UTC
2426,Bentley Hughes,bentleyhughes@email.com,2026-02-26 17:38:20.104559 +0000 UTC,2026-02-26 17:38:20.104559 +0000 UTC
2427,Zachary Flores,zacharyflores@email.com,2026-02-26 17:38:20.104559 +0000 UTC,2026-02-26 17:38:20.104559 +0000 UTC
2428,Brandon Washington,brandonwashington@email.com,2026-02-26 17:38:20.104559 +0000 UTC,2026-02-26 17:38:20.104559 +0000 UTC
2429,Kevin Butler,kevinbutler@email.com,2026-02-26 17:38:20.104559 +0000 UTC,2026-02-26 17:38:20.104559 +0000 UTC
2430,Tyler Simmons,tylersimmons@email.com,2026-02-26 17:38:20.104559 +0000 UTC,2026-02-26 17:38:20.104559 +0000 UTC
